<settings>

  <!-- This value is the path of this build system's local 
       repository                                                   -->
  <!-- User specific setting please specify in config.properties of the
       ant-build-script                                             -->
  <localRepository>${maven.repository.local}</localRepository>
  
  <!-- True if Maven should attempt to interact with the user for input, 
       false if not.                                                -->
  <!-- User specific setting please specify in user's setting.xml   -->
  <interactiveMode>true</interactiveMode>
  
  <!-- True if Maven should use the ${user.home}/.m2/plugin-registry.xml 
       file to manage plugin versions, defaults to false.           -->
  <!-- This value should never be modified                          -->
  <usePluginRegistry>false</usePluginRegistry>
  
  <!-- True if this build system should operate in offline mode, 
       defaults to false. This element is useful for build servers 
       which cannot connect to a remote repository                  -->
  <!-- User specific setting please specify in user's setting.xml   -->
  <offline>${maven.repository.target.offline}</offline>
  
  <!-- This element contains a list of pluginGroup elements, each 
       contains a groupId. The list is searched when a plugin is 
       used and the groupId is not provided in the command line. 
       This list automatically contains org.apache.maven.plugins and 
       org.codehaus.mojo. -->
  <!-- This configuration should never be used, because we use ant 
       to compile and use maven for dependency management only      -->
  <pluginGroups/>
  
  <!-- The repositories for download and deployment are defined 
       by the repositories and distributionManagement elements of 
       the POM. 
       However, certain settings such as username and password should 
       not be distributed along with the pom.xml. This type of 
       information should exist on the build server in the 
       settings.xml.                                                -->
  <!-- IMPORTANT: The first server in the user-settings must always
       be the central, otherwise merging will fail or 
       create unexpected results                                    -->
  <!-- The username and password is distributed via the personal
       config.properties of the ant-build-script, additional servers
       can be added after this server                               -->
  <servers>
    <server>
      <id>${maven.repository.target.repositoryId}</id>

      <username>${maven.repository.target.username}</username>
      <password>${maven.repository.target.password}</password>
    </server>
  </servers>
  
  <!-- Mirrors redirect repositories or better overwrite their URL.
       By default everything is redirected to the internal repository.
       This behaviour can be modified by adding further mirrors for 
       specific repositories.                                       -->
  <!-- CAUTION: It is not meant to be, that artifacts are retrieved
       from other repositories.                                     -->
  <mirrors />

  <!-- A list of proxies, whereby only one may be active at a time. -->
  <!-- Please modify the config.properties of the ant-build-script
       instead and never add or modify these lines                  -->
  <proxies>
    <proxy>
      <protocol>http</protocol>
      <active>${proxy.enabled}</active>
      <host>${proxy.host}</host>
      <port>${proxy.port}</port>
      <username>${proxy.user}</username>
      <password>${proxy.pass}</password>
      <nonProxyHosts>${proxy.nonehosts}</nonProxyHosts>
    </proxy>
  </proxies>
</settings>