<project>
  <modelVersion>4.0.0</modelVersion>
    
  <!-- project settings -->
  <groupId>IGNORE</groupId>
  <artifactId>IGNORE</artifactId>
  <version>IGNORE</version>
  <name>IGNORE</name>
  <packaging>jar</packaging>
  
  <!-- the projects dependencies -->
  <dependencies>
  
  <!-- Uploaded on 16.11.2012 -->
  <!--
  <dependency>
    <groupId>org.pentaho.reporting.engine</groupId>
    <artifactId>pentaho-reporting-engine-classic-core</artifactId>
    <version>3.8.0</version>
  </dependency>
  -->
  
  <!-- Uploaded on 10.11.2012 -->
  <!--
  <dependency>
    <groupId>com.google.gwt</groupId>
    <artifactId>gwt-servlet</artifactId>
    <version>2.3.0</version>
  </dependency>
  -->
  
	<!-- Uploaded on 03.11.2012 -->
  <!--
    <dependency>
			<groupId>org.hibernate</groupId>
			<artifactId>hibernate-c3p0</artifactId>
			<version>3.6.9.Final</version>
		</dependency>
  
		<dependency>
			<groupId>org.hibernate</groupId>
			<artifactId>hibernate-core</artifactId>
			<version>3.6.9.Final</version>
		</dependency>
    
		<dependency>
			<groupId>mysql</groupId>
			<artifactId>mysql-connector-java</artifactId>
			<version>5.1.13</version>
		</dependency>
    
		<dependency>
			<groupId>c3p0</groupId>
			<artifactId>c3p0</artifactId>
			<version>0.9.1</version>
		</dependency>
    
		<dependency>
			<groupId>net.sf.ehcache</groupId>
			<artifactId>ehcache-core</artifactId>
			<version>2.0.0</version>
		</dependency>
    
		<dependency>
			<groupId>javassist</groupId>
			<artifactId>javassist</artifactId>
			<version>3.9.0.GA</version>
		</dependency>
  
    <dependency>
      <groupId>org.powermock</groupId>
      <artifactId>powermock</artifactId>
      <version>1.4.12</version>
    </dependency>
	
    <dependency>
      <groupId>com.extjs.GWT_2_3_0</groupId>
      <artifactId>gxt</artifactId>
      <version>2.2.5</version>
    </dependency>
	
    <dependency>
      <groupId>org.slf4j</groupId>
      <artifactId>slf4j-log4j12</artifactId>
      <version>1.6.1</version>
    </dependency>

    <dependency>
      <groupId>com.google.gwt</groupId>
      <artifactId>gwt-dev</artifactId>
      <version>${gwt.version}</version>
    </dependency>

    <dependency>
      <groupId>com.google.gwt</groupId>
      <artifactId>gwt-user</artifactId>
      <version>${gwt.version}</version>
    </dependency>
	-->

  </dependencies>
</project>